{
    "loss": 16.11029052734375,
    "accuracy": 0.48201438784599304
}