{
    "loss": 10.129435539245605,
    "accuracy": 0.5035971403121948
}