{
    "loss": 4.453604221343994,
    "accuracy": 0.5035971403121948
}