{
    "loss": 27.001911163330078,
    "accuracy": 0.48201438784599304
}